Text,Type
EdEddy andSarah LLP,Law_Firm
GregorLawOffices,Law_Firm
Lindgren & Family Law,Law_Firm
Dickens & Dickenson LLP,Law_Firm
Rook Legal,Law_Firm
Boohoff Law PA,Law_Firm
BoohoffLaw PA,Law_Firm
Boohoff LawPA,Law_Firm
Dickens&Dickenson LLP,Law_Firm
Dickens & DickensonLLP,Law_Firm
Briggs Bloch and Brandon LLP,Law_Firm
BriggsBloch and BrandonLLP,Law_Firm
Smythe & Masonry PLLC,Law_Firm
Kubo Law Offices,Law_Firm
King & Hill Law,Law_Firm
Country Cottage Law,Law_Firm
Blind Lawyers,Law_Firm
The New Injury Attorneys,Law_Firm
Gladwell Law,Law_Firm
Ed Eddy and Sarah LLP,Law_Firm
Otis & Hall Attorneys at Law,Law_Firm
Boohoff Law P A,Law_Firm
RookLegal,Law_Firm
Thomas Pynchon Law,Law_Firm
Gregor Law Offices,Law_Firm
Courtney Sosa,Policy_Holder_Name
Edith James,Policy_Holder_Name
Emmanuel Pope,Policy_Holder_Name
Annabel Farrell,Policy_Holder_Name
Chloe Johnson,Policy_Holder_Name
Lachlan Bishop,Policy_Holder_Name
Kian Duffy,Policy_Holder_Name
Angela O'Sullivan,Policy_Holder_Name
Jessica Davis,Policy_Holder_Name
Zach Golden,Policy_Holder_Name
Daniel Williams,Policy_Holder_Name
Bethan Davies,Policy_Holder_Name
Rosemary Davenport,Policy_Holder_Name
William Jones,Policy_Holder_Name
Amber Serrano,Policy_Holder_Name
Olivia Jone,Policy_Holder_Name
Eugene Marsh,Policy_Holder_Name
Lauren Gonzalez,Policy_Holder_Name
Aaliyah Dixon,Policy_Holder_Name
Antonia Rowe,Policy_Holder_Name
Ella Smith,Policy_Holder_Name
Mia Garcia,Policy_Holder_Name
Jack Smith,Policy_Holder_Name
Aaron Torres,Policy_Holder_Name
Daniel Williams,Policy_Holder_Name
Holly Rodriguez,Policy_Holder_Name
951033310,Policy_Number
283963979,Policy_Number
689488310,Policy_Number
420990072,Policy_Number
285471364,Policy_Number
259972518,Policy_Number
641309747,Policy_Number
277565154,Policy_Number
763462765,Policy_Number
334594561,Policy_Number
310472490,Policy_Number
738137032,Policy_Number
898121043,Policy_Number
878304982,Policy_Number
357375500,Policy_Number
416262892,Policy_Number
443588407,Policy_Number
907692953,Policy_Number
895898467,Policy_Number
534388614,Policy_Number
114098914,Policy_Number
509438343,Policy_Number
744240888,Policy_Number
490765616,Policy_Number
533121430,Policy_Number
919279280,Policy_Number
"$50,000 ",Payout
"$10,000 ",Payout
"$1,000,000 ",Payout
"$500,000 ",Payout
"$250,000 ",Payout
"$25,000 ",Payout
"$100,000 ",Payout
"$300,000 ",Payout
"$100,000 ",Payout
"$12,000 ",Payout
"$60,000 ",Payout
"$15,000 ",Payout
"$20,000 ",Payout
"$45,000 ",Payout
"$35,000 ",Payout
"$5,000 ",Payout
"$80,000 ",Payout
"$200,000 ",Payout
"$400,000 ",Payout
"$150,000 ",Payout
"$350,000 ",Payout
"$375,000 ",Payout
"$225,000 ",Payout
"$220,000 ",Payout
"$58,000 ",Payout
Budget Mutual Insurance Company,Insurance_Company
BudgetMutual Insurance_Company,Insurance_Company
Direct Insurance_Company,Insurance_Company
DirectInsuranceCompany,Insurance_Company
Number One Insurance_Company,Insurance_Company
NumberOne Insurance_Company,Insurance_Company
Number OneInsuranceCompany,Insurance_Company
NumberOne InsuranceCompany,Insurance_Company
NumberOneInsuranceCompany,Insurance_Company
Number One Insurance_Company,Insurance_Company
Number One InsuranceCompany,Insurance_Company
Number One Insurance Company,Insurance_Company
Number One Insurance_Company,Insurance_Company
BudgetMutual InsuranceCompany,Insurance_Company
Direct Insurance_Company,Insurance_Company
Budget Mutual Insurance_Company,Insurance_Company
Direct Insurance_Company,Insurance_Company
BudgetMutualInsurance_Company,Insurance_Company
Direct Insurance_Company,Insurance_Company
Budget Mutual Insurance_Company,Insurance_Company
Direct Insurance_Company,Insurance_Company
BudgetMutual Insurance_Company,Insurance_Company
Direct Insurance_Company,Insurance_Company
Budget Mutual Insurance_Company,Insurance_Company
Direct Insurance_Company,Insurance_Company
